Unnamed: 0,Timestamp,What programme are you in?,Have you taken a course on machine learning?,Have you taken a course on information retrieval?,Have you taken a course on statistics?,Have you taken a course on databases?,What is your gender?,I have used ChatGPT to help me with some of my study assignments ,When is your birthday (date)?,How many students do you estimate there are in the room?,What is your stress level (0-100)?,How many hours per week do you do sports (in whole hours)? ,Give a random number,Time you went to bed Yesterday,What makes a good day for you (1)?,What makes a good day for you (2)?,Parsed How many students do you estimate there are in the room?,Parsed What is your stress level (0-100)?,Parsed How many hours per week do you do sports (in whole hours)?,Parsed Give a random number,Parsed Time you went to bed Yesterday,category_goodday_1,category_goodday_2
0,4-1-2025 12:17:07,AI & Data Science,yes,unknown,mu,ja,male,yes,]1985-1990],400,78,0,928393,00:00,Food,Travel,400.0,78.0,0.0,928393,0.0,food,holiday
1,4-1-2025 12:17:14,AI & Data Science,yes,1,sigma,ja,female,yes,]2000-2005],321,1000,2,31.416,12:30,sun,coffee,321.0,,2.0,,0.5,weather,food
2,4-1-2025 12:17:17,"Business, Finance & Econometrics",yes,1,mu,ja,male,not willing to say,,200,101,4,5,0:30,Zonnetje,Aperol,200.0,,4.0,5,0.5,weather,alchol/drugs
3,4-1-2025 12:17:21,"Business, Finance & Econometrics",yes,0,mu,nee,male,yes,]2000-2005],350,60,6,37,23:00,Sun,Sun,350.0,60.0,6.0,37,23.0,weather,weather
4,4-1-2025 12:17:24,AI & Data Science,yes,1,mu,ja,male,yes,]1995-2000],500,50,8,1,12,-,-,500.0,50.0,8.0,1,0.0,,
5,4-1-2025 12:17:26,"Business, Finance & Econometrics",no,unknown,mu,nee,gender fluid,not willing to say,,467,"99,7",8,0,5am,Chocolate,Bitterballen,467.0,,8.0,0,5.0,food,food
6,4-1-2025 12:17:26,"Business, Finance & Econometrics",no,0,mu,ja,female,yes,]1995-2000],500,60,4,4,12:00,Sun,Good food,500.0,60.0,4.0,4,0.0,weather,food
7,4-1-2025 12:17:27,Computer Science & Technology,yes,0,sigma,ja,male,not willing to say,,400,30,1,6656678,12am,good food,good grade,400.0,30.0,1.0,6656678,0.0,food,study/work
8,4-1-2025 12:17:28,AI & Data Science,no,0,mu,ja,female,yes,]2000-2005],500,60,3,888,10:37,Sun1,Sun2,500.0,60.0,3.0,888,10.616666666666667,weather,weather
9,4-1-2025 12:17:30,Computer Science & Technology,no,0,mu,ja,gender fluid,not willing to say,]1995-2000],200,70,1,420420420420420420,0200,Work done good,Then smoke weed,200.0,70.0,1.0,420420420420420420,2.0,study/work,alchol/drugs
10,4-1-2025 12:17:31,AI & Data Science,yes,1,sigma,ja,female,yes,]1995-2000],250,100,4,3,11 pm,Good food ,Nice company ,250.0,100.0,4.0,3,23.0,food,friends/family
11,4-1-2025 12:17:31,Computer Science & Technology,yes,1,unknown,ja,male,yes,]1995-2000],400,20,"4,5","5,38299E+11",00:00,Pizza,Beers,400.0,20.0,45.0,,0.0,food,alchol/drugs
12,4-1-2025 12:17:35,AI & Data Science,yes,unknown,mu,ja,male,yes,]1995-2000],345,60,8,1984,23h45,Good food,Good sleep ,345.0,60.0,8.0,1984,23.75,food,sleep/rest
13,4-1-2025 12:17:39,AI & Data Science,yes,1,mu,ja,male,no,]2000-2005],500,50,4,72,9 am,Mama‚Äôs food,Dad‚Äôs card ,500.0,50.0,4.0,72,9.0,food,money
14,4-1-2025 12:17:40,Computer Science & Technology,yes,1,unknown,ja,female,no,,200,70,2,7,9,Good work,Good sleep,200.0,70.0,2.0,7,9.0,study/work,sleep/rest
15,4-1-2025 12:17:40,Computer Science & Technology,no,0,mu,ja,male,yes,]2000-2005],500,1000,0,94,2 am,Passing courses,Sleeping,500.0,,0.0,94,2.0,study/work,sleep/rest
16,4-1-2025 12:17:41,AI & Data Science,yes,1,sigma,ja,male,yes,]1980-1985],400,50,7,13,01.00,Drugs,More drugs,400.0,50.0,7.0,13,1.0,alchol/drugs,alchol/drugs
17,4-1-2025 12:17:43,AI & Data Science,no,0,mu,ja,female,yes,]1985-1990],400,30,10,28,23.30,Coffee,Sports,400.0,30.0,10.0,28,23.5,food,sport
18,4-1-2025 12:17:44,AI & Data Science,yes,0,unknown,unknown,female,yes,]2000-2005],200,1000,0,9,23:16,Nothing ,Nothing ,200.0,,0.0,9,23.266666666666666,joke,joke
19,4-1-2025 12:17:44,"Business, Finance & Econometrics",yes,0,sigma,ja,female,yes,]1995-2000],200,70,0,8,2,Passing grade,Credit in balance,200.0,70.0,0.0,8,2.0,study/work,money
20,4-1-2025 12:17:44,AI & Data Science,yes,1,mu,ja,male,yes,]2000-2005],200,5,12,6372,1:00,Sun,More sun,200.0,5.0,12.0,6372,1.0,weather,weather
21,4-1-2025 12:17:46,AI & Data Science,yes,1,mu,ja,male,yes,,500,8,6,27,23.00, , ,500.0,8.0,6.0,27,23.0,,
22,4-1-2025 12:17:49,AI & Data Science,yes,1,mu,ja,male,yes,,300,9999,10,9999,1 am,Not having EDDA exam,Freetime,300.0,,10.0,9999,1.0,sleep/rest,sleep/rest
23,4-1-2025 12:17:50,AI & Data Science,no,0,mu,nee,male,yes,]1995-2000],300,20,3,78,12:30 PM,Hanging with friends in the sun,Eating good food,300.0,20.0,3.0,78,0.5,friends/family,food
24,4-1-2025 12:17:51,AI & Data Science,yes,0,mu,ja,female,yes,]2000-2005],300,50,4,38,23:30,Sun,Activity ,300.0,50.0,4.0,38,23.5,weather,sport
25,4-1-2025 12:17:51,AI & Data Science,no,0,mu,nee,female,yes,,500,15,12,19,00:30,Good food ,Friends ,500.0,15.0,12.0,19,0.5,food,friends/family
26,4-1-2025 12:17:52,"Business, Finance & Econometrics",no,0,mu,nee,female,not willing to say,]1995-2000],100,75,6,777,0.30,Sun,Cappuccino,100.0,75.0,6.0,777,0.5,weather,food
27,4-1-2025 12:17:52,AI & Data Science,yes,0,mu,ja,female,yes,,550,1E+14,7,74,2,Sun,Food,550.0,,7.0,74,2.0,weather,food
28,4-1-2025 12:17:53,AI & Data Science,yes,0,unknown,ja,female,not willing to say,]1995-2000],180-200,2,4-5,99,1:00 am,Sunny day,Hanging out with friends,10.0,2.0,0.0,99,1.0,weather,friends/family
29,4-1-2025 12:17:53,AI & Data Science,yes,0,mu,ja,female,yes,]2000-2005],300,3,10,25,12,dance,company,300.0,3.0,10.0,25,0.0,sport,friends/family
30,4-1-2025 12:17:55,"Business, Finance & Econometrics",no,0,mu,nee,male,yes,]1995-2000],300,55,2,27,12:00,Spending time with Marc,Nice warm weather,300.0,55.0,2.0,27,0.0,friends/family,weather
31,4-1-2025 12:17:56,AI & Data Science,yes,0,mu,nee,male,yes,]1995-2000],456,20,9,108,23:57,Yoga,Delicious food,456.0,20.0,9.0,108,23.95,sport,food
32,4-1-2025 12:17:56,AI & Data Science,yes,1,sigma,ja,not willing to answer,yes,,20*5*5,100,10,37,05:00,Alcohol,More alcohol,,100.0,10.0,37,5.0,alchol/drugs,alchol/drugs
33,4-1-2025 12:17:57,Computer Science & Technology,no,unknown,mu,ja,female,no,]1995-2000],100,100,1,4738,12,grade 10,win lottery ,100.0,100.0,1.0,4738,0.0,study/work,money
34,4-1-2025 12:17:57,AI & Data Science,yes,1,sigma,ja,male,yes,]1995-2000],250,20,5,11011011,23:30,Socialising ,When I've learned something new,250.0,20.0,5.0,11011011,23.5,friends/family,study/work
35,4-1-2025 12:17:58,AI & Data Science,yes,0,mu,nee,male,yes,]1995-2000],250,80,4,87,4:00,doing sports,not having anxiety,250.0,80.0,4.0,87,4.0,sport,mood
36,4-1-2025 12:17:58,AI & Data Science,yes,0,mu,nee,male,yes,]2000-2005],487,30,7,39,22:30,Sports,Free time,487.0,30.0,7.0,39,22.5,sport,sleep/rest
37,4-1-2025 12:17:59,"Business, Finance & Econometrics",yes,0,mu,nee,male,yes,]2000-2005],490,75,0,7,00:45,Booking tickets,drinking beers,490.0,75.0,0.0,7,0.75,holiday,alchol/drugs
38,4-1-2025 12:17:59,Computer Science & Technology,yes,1,mu,ja,female,yes,]1995-2000],300,10,2,77945354356758979022123,00:30,seeing friends,no work,300.0,10.0,2.0,77945354356758979022123,0.5,friends/family,study/work
39,4-1-2025 12:18:01,AI & Data Science,yes,0,unknown,ja,female,yes,]2000-2005],450,10,3,1934,01:30,Nice weather,No work,450.0,10.0,3.0,1934,1.5,weather,study/work
40,4-1-2025 12:18:03,AI & Data Science,no,0,mu,ja,female,yes,]2000-2005],550,50,8,8,00:30,Good food,Sun ,550.0,50.0,8.0,8,0.5,food,weather
41,4-1-2025 12:18:04,AI & Data Science,yes,0,mu,ja,male,yes,]2000-2005],350,45,4,69420,23:30,Feeling energized,Reaching the goals I set for myself that day,350.0,45.0,4.0,69420,23.5,mood,study/work
42,4-1-2025 12:18:05,"Business, Finance & Econometrics",yes,0,mu,ja,male,yes,]2000-2005],300,5,8,14,12,Sports,Friends,300.0,5.0,8.0,14,0.0,sport,friends/family
43,4-1-2025 12:18:06,"Business, Finance & Econometrics",yes,1,mu,ja,female,yes,]2000-2005],450,89,7,69,23:40,Bubble tea,Dog,450.0,89.0,7.0,69,23.666666666666668,food,friends/family
44,4-1-2025 12:18:06,"Business, Finance & Econometrics",yes,1,mu,ja,male,no,]1995-2000],350,0,4,14,3,No school,High grade,350.0,0.0,4.0,14,3.0,sleep/rest,study/work
45,4-1-2025 12:18:06,AI & Data Science,yes,unknown,mu,ja,male,not willing to say,,200,49,7,420,2am,Warm,Sun,200.0,49.0,7.0,420,2.0,weather,weather
46,4-1-2025 12:18:07,AI & Data Science,yes,1,mu,ja,male,yes,]2000-2005],600,1000,4,66,1am,Going to gym,Weed,,,4.0,66,1.0,sport,alchol/drugs
47,4-1-2025 12:18:07,AI & Data Science,yes,1,mu,ja,male,yes,]2000-2005],200,0,69,199389299284884742829r7747r8e9w929e94747uch38838udud8388383838e8e8e8e8e8e8d8du8s888x8d88d8u,2:00,Ajax winning,Drugs,200.0,0.0,69.0,,2.0,mood,alchol/drugs
48,4-1-2025 12:18:08,AI & Data Science,yes,1,mu,ja,female,yes,,320,70,12,4,23:59,Sun,Interacting with my loved ones,320.0,70.0,12.0,4,23.98333333333333,weather,friends/family
49,4-1-2025 12:18:08,Computer Science & Technology,no,0,mu,ja,male,yes,]2000-2005],200,30,5,2324234234234432434,12,nothing to do,can do anything,200.0,30.0,5.0,2324234234234432434,0.0,sleep/rest,sleep/rest
50,4-1-2025 12:18:08,Computer Science & Technology,yes,1,sigma,ja,not willing to answer,not willing to say,]1995-2000],300,72,2,73,00:00,Beer ,Wine ,300.0,72.0,2.0,73,0.0,alchol/drugs,alchol/drugs
51,4-1-2025 12:18:10,Computer Science & Technology,yes,1,mu,ja,male,no,]1995-2000],350,5,9,-1,01:00,A cold beer,Kissing the homies for good night ,350.0,5.0,9.0,-1,1.0,alchol/drugs,joke
52,4-1-2025 12:18:11,AI & Data Science,yes,0,sigma,nee,intersex,yes,not possible,450,60,3,358,04:00,Happy,Friends,450.0,60.0,3.0,358,4.0,mood,friends/family
53,4-1-2025 12:18:11,AI & Data Science,no,0,mu,ja,female,yes,]1995-2000],150,60,2,42,2am,Good meal,Sunny day,150.0,60.0,2.0,42,2.0,food,weather
54,4-1-2025 12:18:12,AI & Data Science,yes,1,sigma,ja,not willing to answer,yes,not possible,375,6,10,61,23-00,Az winning,Went to the gym,375.0,6.0,10.0,61,23.0,mood,sport
55,4-1-2025 12:18:12,AI & Data Science,yes,0,mu,ja,male,yes,]1995-2000],200,13,6,7,00:00,Sunny,Pilsie,200.0,13.0,6.0,7,0.0,weather,alchol/drugs
56,4-1-2025 12:18:13,AI & Data Science,yes,1,mu,ja,male,yes,,350,0,5,69,4am,Free time,Videogames,350.0,0.0,5.0,69,4.0,sleep/rest,sport
57,4-1-2025 12:18:13,"Business, Finance & Econometrics",yes,0,mu,nee,female,yes,]2000-2005],500,2,4,7,01.00,"Sun, good food, being productive",Travelling,500.0,2.0,4.0,7,1.0,weather,holiday
58,4-1-2025 12:18:13,AI & Data Science,no,0,mu,unknown,male,yes,]1995-2000],400,60,6,87,00.30,Praying 5 times on time,Seeing my parents and my younger brother doing fine,400.0,60.0,6.0,87,0.5,friends/family,friends/family
59,4-1-2025 12:18:14,AI & Data Science,no,0,mu,ja,male,yes,,187,11,7,6969696,2.30,Gym,Edda,187.0,11.0,7.0,6969696,2.5,sport,study/work
60,4-1-2025 12:18:14,AI & Data Science,yes,1,mu,ja,female,not willing to say,,500,60,6,5,1am,sun,more sun ,500.0,60.0,6.0,5,1.0,weather,weather
61,4-1-2025 12:18:14,AI & Data Science Science,no,0,mu,ja,female,yes,]1995-2000],350,35,7,95836,1 AM,Getting enough sleep,Healthy breakfast,350.0,35.0,7.0,95836,1.0,sleep/rest,food
62,4-1-2025 12:18:16,AI & Data Science,yes,unknown,mu,unknown,male,no,]1990-1995],300,15,5,Random,12:00 pm,A good day,A bad day,300.0,15.0,5.0,,0.0,joke,joke
63,4-1-2025 12:18:16,Computer Science & Technology,yes,1,mu,ja,female,yes,,400,66,6,12,23:30,Sunny weather ,Good grades ,400.0,66.0,6.0,12,23.5,weather,study/work
64,4-1-2025 12:18:17,AI & Data Science,yes,0,mu,nee,female,yes,]2000-2005],80,80,6,47,22.00,Sunny day spent with friends ,going to a rave,80.0,80.0,6.0,47,22.0,weather,alchol/drugs
65,4-1-2025 12:18:17,AI & Data Science,no,0,sigma,ja,not willing to answer,yes,not possible,500,100,2,89,5,Sun,Sun,500.0,100.0,2.0,89,5.0,weather,weather
66,4-1-2025 12:18:18,Computer Science & Technology,yes,1,unknown,ja,female,yes,,450,20,0,8,11,Rain,Chocolate,450.0,20.0,0.0,8,11.0,weather,food
67,4-1-2025 12:18:18,AI & Data Science,yes,0,mu,nee,male,yes,,450,90,10,4141,12:30am,When the sun is out,Having the time to run,450.0,90.0,10.0,4141,0.5,weather,sport
68,4-1-2025 12:18:19,"Business, Finance & Econometrics",yes,unknown,mu,nee,male,not willing to say,]2000-2005],220,40,9,15,23:00,Get a lot of sleep(at least 8 hours),Eat good food,220.0,40.0,9.0,15,23.0,sleep/rest,food
69,4-1-2025 12:18:19,AI & Data Science,yes,1,mu,ja,non-binary,not willing to say,]2000-2005],250,30,4,6,2,happiness ,sun,250.0,30.0,4.0,6,2.0,mood,weather
70,4-1-2025 12:18:20,AI & Data Science,yes,0,mu,ja,male,yes,]2000-2005],430,30,8,37,00:30,Doing things I want to do,Not having to do things I don't want to do,430.0,30.0,8.0,37,0.5,study/work,sleep/rest
71,4-1-2025 12:18:20,AI & Data Science,yes,1,mu,ja,female,yes,]1995-2000],500,65,4,168,23:00,sun,not encountering a stressful situation,500.0,65.0,4.0,168,23.0,weather,mood
72,4-1-2025 12:18:20,AI & Data Science,yes,0,mu,ja,male,yes,]2000-2005],250,200,5,42,23:00,Sex,Alcohol ,250.0,,5.0,42,23.0,friends/family,alchol/drugs
73,4-1-2025 12:18:20,"Business, Finance & Econometrics",yes,1,mu,ja,male,yes,]2000-2005],350,42,10,5347833,2300,Good food and no econometrics courses,"Sun, exercise and beer",350.0,42.0,10.0,5347833,23.0,food,weather
74,4-1-2025 12:18:20,Computer Science & Technology,no,1,unknown,nee,male,yes,]2000-2005],380,99999,10,7777,2 pm,weed,alcohol,380.0,,10.0,7777,14.0,alchol/drugs,alchol/drugs
75,4-1-2025 12:18:21,Computer Science & Technology,yes,0,mu,ja,female,yes,]1995-2000],5,60,4,8,23,Sunshine,Friends ,5.0,60.0,4.0,8,23.0,weather,friends/family
76,4-1-2025 12:18:22,AI & Data Science,yes,0,mu,unknown,male,yes,]1995-2000],350,15,6,42,23:00,Good weather,Chilling,350.0,15.0,6.0,42,23.0,weather,sleep/rest
77,4-1-2025 12:18:22,AI & Data Science,yes,1,mu,ja,female,yes,,400,30,4,77,23:55,Sunny weather,Good food,400.0,30.0,4.0,77,23.916666666666668,weather,food
78,4-1-2025 12:18:26,AI & Data Science,yes,unknown,mu,ja,female,yes,,330,47,12,30,23:45,Good food,Sun,330.0,47.0,12.0,30,23.75,food,weather
79,4-1-2025 12:18:26,AI & Data Science,yes,0,mu,ja,female,yes,]2000-2005],350,10,12,3,2am,sun,good food,350.0,10.0,12.0,3,2.0,weather,food
80,4-1-2025 12:18:27,Computer Science & Technology,yes,1,unknown,nee,male,yes,]2000-2005],200,20,15,6,1:30am,delicious food,alcohol dose,200.0,20.0,15.0,6,1.5,food,alchol/drugs
81,4-1-2025 12:18:27,AI & Data Science,yes,1,sigma,ja,male,yes,,250,20,3,42,0:30,no responsibilities,nice weather,250.0,20.0,3.0,42,0.5,sleep/rest,weather
82,4-1-2025 12:18:27,"Business, Finance & Econometrics",yes,1,mu,ja,male,yes,]2000-2005],385,6,7,10,00:00,Food,Sun,385.0,6.0,7.0,10,0.0,food,weather
83,4-1-2025 12:18:28,AI & Data Science,yes,0,mu,nee,female,yes,,390,37,4,197367,1am,Sun ,Good food,390.0,37.0,4.0,197367,1.0,weather,food
84,4-1-2025 12:18:28,"Business, Finance & Econometrics",yes,0,mu,ja,male,yes,]2000-2005],375,50,4,1,12,Travel,Active,375.0,50.0,4.0,1,0.0,holiday,sport
85,4-1-2025 12:18:30,AI & Data Science,yes,1,sigma,ja,male,yes,]2000-2005],195,0,10,7,12:34,Not having looking for x ,Spots,195.0,0.0,10.0,7,0.5666666666666664,joke,sport
86,4-1-2025 12:18:31,Computer Science & Technology,no,0,sigma,nee,gender fluid,yes,nan,300,30,4,73,1,Sun,Sub,300.0,30.0,4.0,73,1.0,weather,weather
87,4-1-2025 12:18:31,Health & Life Sciences,no,1,mu,nee,female,yes,]2000-2005],234,40,7,8,23:30,Coffee,Running in the sun,234.0,40.0,7.0,8,23.5,food,sport
88,4-1-2025 12:18:31,Computer Science & Technology,yes,1,mu,ja,other,yes,,330,Over 9000,0,37,5am,Got nothing to do,Interesting activities,330.0,,0.0,37,5.0,sleep/rest,sport
89,4-1-2025 12:18:32,AI & Data Science,yes,unknown,mu,nee,male,yes,]1995-2000],480,75,3,7,1,Achivements,Socialising,480.0,75.0,3.0,7,1.0,study/work,friends/family
90,4-1-2025 12:18:33,AI & Data Science,yes,unknown,mu,ja,male,yes,,291,79,0,74,2 am,Being with someone i love,No assignment deadline!!!,291.0,79.0,0.0,74,2.0,friends/family,sleep/rest
91,4-1-2025 12:18:33,Computer Science & Technology,yes,1,sigma,ja,male,not willing to say,,550,42.0,4,69,00:40,Eating burrata,Eating pasta,550.0,42.0,4.0,69,0.6666666666666666,food,food
92,4-1-2025 12:18:34,AI & Data Science,yes,0,mu,ja,female,yes,]2000-2005],200,30,0,7,1:30,My boyfriend,My friends ,200.0,30.0,0.0,7,1.5,friends/family,friends/family
93,4-1-2025 12:18:34,Computer Science & Technology,yes,0,mu,ja,female,yes,,500,100,3,3,12:45,Cats,Sun,500.0,100.0,3.0,3,0.75,friends/family,weather
94,4-1-2025 12:18:34,AI & Data Science,yes,1,unknown,ja,intersex,not willing to say,]2000-2005],420,100,8,40,11:35,-1,-2,420.0,100.0,8.0,40,11.583333333333334,,
95,4-1-2025 12:18:34,AI & Data Science,no,0,sigma,nee,female,yes,]2000-2005],200,10,8,11,1:00,Delicious food,Nice weather,200.0,10.0,8.0,11,1.0,food,weather
96,4-1-2025 12:18:35,"Business, Finance & Econometrics",yes,1,mu,ja,male,not willing to say,]2000-2005],350,85,7,4,01:30,A beer after a exam,Seeing my dog,350.0,85.0,7.0,4,1.5,alchol/drugs,friends/family
97,4-1-2025 12:18:35,AI & Data Science,yes,1,unknown,ja,female,yes,]2000-2005],289,40,6,"9,582E+12",23:25,Sun,Good exam result,289.0,40.0,6.0,,23.416666666666668,weather,study/work
98,4-1-2025 12:18:36,"Business, Finance & Econometrics",yes,1,mu,ja,female,not willing to say,not possible,400,40,3,9,21:45,Sleeping in,No assignments,400.0,40.0,3.0,9,21.75,sleep/rest,sleep/rest
99,4-1-2025 12:18:36,AI & Data Science,yes,0,mu,ja,male,yes,,350,25,20,40,23:00,feeling good ,productive,350.0,25.0,20.0,40,23.0,mood,study/work
100,4-1-2025 12:18:37,AI & Data Science,yes,0,mu,nee,male,yes,]2000-2005],250,0,7,69,23:00,Sun,Sports,250.0,0.0,7.0,69,23.0,weather,sport
101,4-1-2025 12:18:37,AI & Data Science,yes,0,mu,nee,male,not willing to say,,250,110,5,42,0:30,Doggo,Food,250.0,,5.0,42,0.5,friends/family,food
102,4-1-2025 12:18:37,AI & Data Science,yes,unknown,mu,nee,not willing to answer,yes,not possible,70000,900,10,7,23:00,Good talks,Productivity,,,10.0,7,23.0,friends/family,study/work
103,4-1-2025 12:18:38,AI & Data Science,yes,1,mu,nee,male,yes,]1995-2000],250,60,4,89867,23:30,Cats,Candy,250.0,60.0,4.0,89867,23.5,friends/family,food
104,4-1-2025 12:18:38,AI & Data Science,yes,0,mu,nee,female,not willing to say,]2000-2005],600,40,0,658,7pm,money,love,,40.0,0.0,658,19.0,money,friends/family
105,4-1-2025 12:18:39,AI & Data Science,yes,0,mu,ja,male,yes,]2000-2005],600,22,5,236,11:33 PM,eating good food,having a nice nap,,22.0,5.0,236,23.55,food,sleep/rest
106,4-1-2025 12:18:39,AI & Data Science,yes,1,unknown,ja,female,yes,,150,20,4,11,12,Good sleep,No uni,150.0,20.0,4.0,11,0.0,sleep/rest,sleep/rest
107,4-1-2025 12:18:39,Computer Science & Technology,yes,0,unknown,ja,not willing to answer,yes,]1995-2000],300,13,6,1738,2,People,Food,300.0,13.0,6.0,1738,2.0,friends/family,food
108,4-1-2025 12:18:40,"Business, Finance & Econometrics",yes,1,mu,ja,male,yes,]2000-2005],425,5,3,4,23:00,Hanging out with friends,No responsibilities,425.0,5.0,3.0,4,23.0,friends/family,sleep/rest
109,4-1-2025 12:18:41,"Business, Finance & Econometrics",yes,0,unknown,ja,male,yes,]2000-2005],287,23,23,184365902143674301,22:40,Sports,Friends,287.0,23.0,23.0,184365902143674301,22.666666666666668,sport,friends/family
110,4-1-2025 12:18:41,AI & Data Science,yes,0,mu,ja,male,no,]1995-2000],300,100,0,7,23:00,Not going to uni,No deadlines,300.0,100.0,0.0,7,23.0,sleep/rest,sleep/rest
111,4-1-2025 12:18:41,AI & Data Science,no,0,sigma,ja,male,yes,]2000-2005],300,30,7,9,00:30,Sports,Good sleep,300.0,30.0,7.0,9,0.5,sport,sleep/rest
112,4-1-2025 12:18:43,Computer Science & Technology,no,0,sigma,nee,female,yes,]1995-2000],220,67,4,4,4am,I take the ADHD medicine ,go out with friends ,220.0,67.0,4.0,4,4.0,alchol/drugs,friends/family
113,4-1-2025 12:18:44,AI & Data Science,no,0,mu,ja,male,yes,]1990-1995],300,1,7,33,1:00,No assignments need to do,No lectures,300.0,1.0,7.0,33,1.0,sleep/rest,sleep/rest
114,4-1-2025 12:18:44,AI & Data Science,yes,unknown,unknown,unknown,male,yes,]1995-2000],500,69,10,69,Midnight,Sun,Friends,500.0,69.0,10.0,69,0.0,weather,friends/family
115,4-1-2025 12:18:44,Computer Science & Technology,yes,0,unknown,ja,male,no,,483,œÄ¬©,3,64,3AM,Sleep,Food,483.0,,3.0,64,3.0,sleep/rest,food
116,4-1-2025 12:18:44,AI & Data Science,yes,1,mu,ja,male,yes,]1995-2000],approx 300,75,4,314.159.265.359,23:00,Passing EDDA,The sun,300.0,75.0,4.0,,23.0,study/work,weather
117,4-1-2025 12:18:44,AI & Data Science,yes,1,mu,nee,female,yes,,450,60,1,44,23:30,Nice weather,Free time,450.0,60.0,1.0,44,23.5,weather,sleep/rest
118,4-1-2025 12:18:45,AI & Data Science,no,0,mu,ja,male,yes,]2000-2005],240,100,2,8,03:00,no studying,gaming,240.0,100.0,2.0,8,3.0,sleep/rest,sport
119,4-1-2025 12:18:45,Math,yes,1,mu,ja,male,yes,]1995-2000],357,7,5,69420,3am,You :),You again :),357.0,7.0,5.0,69420,3.0,joke,joke
120,4-1-2025 12:18:46,"Business, Finance & Econometrics",yes,0,mu,ja,male,yes,]1995-2000],500,40,2,1,01:23,Making someone smile,Smiling,500.0,40.0,2.0,1,1.3833333333333333,friends/family,mood
121,4-1-2025 12:18:46,AI & Data Science,no,0,mu,nee,male,yes,,297,69,6,426,2300,"Mild weather, no lectures, good food","No assignments, no exam stress",297.0,69.0,6.0,426,23.0,weather,sleep/rest
122,4-1-2025 12:18:46,AI & Data Science,no,unknown,unknown,unknown,male,not willing to say,]2000-2005],500,80,6,5,8,eating,play ,500.0,80.0,6.0,5,8.0,food,sport
123,4-1-2025 12:18:46,"Business, Finance & Econometrics",yes,0,mu,nee,male,yes,]1995-2000],300,20,8,891230124,01:30,Friends,Activity and food,300.0,20.0,8.0,891230124,1.5,friends/family,sport
124,4-1-2025 12:18:47,"Business, Finance & Econometrics",yes,unknown,mu,ja,female,yes,]2000-2005],480,0,8,10,23,Peace,Nature,480.0,0.0,8.0,10,23.0,mood,sport
125,4-1-2025 12:18:47,AI & Data Science,yes,0,mu,nee,male,yes,]1995-2000],350,20,8,124,23:30,Sports,Focus,350.0,20.0,8.0,124,23.5,sport,mood
126,4-1-2025 12:18:48,AI & Data Science,no,0,mu,nee,male,yes,,300,55,6,47,00:31,Motorcycle ride,Social interaction,300.0,55.0,6.0,47,0.5166666666666667,sport,friends/family
127,4-1-2025 12:18:48,Computer Science & Technology,yes,1,sigma,ja,intersex,not willing to say,]2000-2005],500,100,3,420,2am,Studying,Learning,500.0,100.0,3.0,420,2.0,study/work,study/work
128,4-1-2025 12:18:48,AI & Data Science,yes,1,mu,ja,male,yes,]2000-2005],366,57,6,9999999999,00:40,go out of the house ,play a sport and instrument ,366.0,57.0,6.0,9999999999,0.6666666666666666,sport,sport
129,4-1-2025 12:18:49,AI & Data Science,no,1,mu,ja,male,yes,]2000-2005],300,15,8,67,00:30,Doing a sport,Playing my bass guitar,300.0,15.0,8.0,67,0.5,sport,sport
130,4-1-2025 12:18:49,AI & Data Science,yes,0,mu,nee,male,yes,,300,45,4,23,2,beer,another beer,300.0,45.0,4.0,23,2.0,alchol/drugs,alchol/drugs
131,4-1-2025 12:18:49,Computer Science & Technology,yes,0,unknown,ja,male,yes,]1995-2000],123,90,4,√ò,3:54,grounded,"social, speding quality time with friends",123.0,90.0,4.0,,3.9,mood,friends/family
132,4-1-2025 12:18:49,Computer Science & Technology,yes,1,unknown,ja,male,yes,not possible,300ish?,75,3,81,3 AM x),Chilling with buddies,GAMING,300.0,75.0,3.0,81,3.0,friends/family,sport
133,4-1-2025 12:18:49,AI & Data Science,no,1,mu,ja,male,yes,,450,101,168,3737,1,Money,Less money,450.0,,,3737,1.0,money,joke
134,4-1-2025 12:18:50,AI & Data Science,yes,1,mu,ja,male,yes,,125,101,4.5,245819732157863251872726618812736168172715169485342146436918753,23:00,good food,finish task,125.0,,4.5,245819732157863251872726618812736168172715169485342146436918753,23.0,food,study/work
135,4-1-2025 12:18:51,AI & Data Science,no,0,mu,ja,male,yes,,200,65,3,4,02:00,Coffee,Motivation ,200.0,65.0,3.0,4,2.0,food,mood
136,4-1-2025 12:18:51,AI & Data Science,yes,0,sigma,ja,male,yes,]2000-2005],378,-10,2h,cleanMe12,4am,gezelligheid,see above,378.0,,2.0,12,4.0,mood,joke
137,4-1-2025 12:18:52,AI & Data Science,yes,1,mu,ja,female,not willing to say,]2000-2005],Around 200,30,5,13,11:30pm,Productivity,Nice weather,200.0,30.0,5.0,13,23.5,study/work,weather
138,4-1-2025 12:18:53,Computer Science & Technology,yes,unknown,mu,nee,female,yes,]1995-2000],400,40,10,3,12,workout,sun,400.0,40.0,10.0,3,0.0,sport,weather
139,4-1-2025 12:18:53,AI & Data Science,yes,1,sigma,ja,male,not willing to say,]2000-2005],390,101,3,7,5am,A day outside,Jamming with the homies,390.0,,3.0,7,5.0,sport,friends/family
140,4-1-2025 12:18:53,AI & Data Science,yes,1,mu,nee,male,yes,,500,25,5,27,23:30,Waking up refreshed,exercise,500.0,25.0,5.0,27,23.5,mood,sport
141,4-1-2025 12:18:53,AI & Data Science,yes,0,unknown,nee,male,yes,,300,99,7,77,1:30,no class,nice weather,300.0,99.0,7.0,77,1.5,sleep/rest,weather
142,4-1-2025 12:18:53,AI & Data Science,no,0,sigma,nee,male,yes,]2000-2005],280,40,6,18282,22:00,Nice weather,Nice girls,280.0,40.0,6.0,18282,22.0,weather,alchol/drugs
143,4-1-2025 12:18:54,Computer Science & Technology,yes,0,mu,nee,female,not willing to say,]1995-2000],450,80,3,17,00:30,sleeping,going for a walk,450.0,80.0,3.0,17,0.5,sleep/rest,sport
144,4-1-2025 12:18:55,Health & Life Sciences,yes,1,sigma,ja,male,no,,150,0,8,75,5:00am,Fun,Fun 2,150.0,0.0,8.0,75,5.0,mood,mood
145,4-1-2025 12:18:55,"Business, Finance & Econometrics",no,unknown,sigma,ja,male,yes,]2000-2005],230,69,15,46.789.901.874.822.500,22:00,Reaching my calory goal,Sleeping 8 hours,230.0,69.0,15.0,,22.0,sport,sleep/rest
146,4-1-2025 12:18:55,AI & Data Science,yes,0,mu,ja,female,yes,,250,50,0üò≠üò≠üò≠,3,12:30,feeling productive,socializing ,250.0,50.0,0.0,3,0.5,study/work,friends/family
147,4-1-2025 12:18:55,AI & Data Science,yes,0,unknown,ja,male,not willing to say,]2000-2005],118,24,6,31,12.30,Low stress,Progress,118.0,24.0,6.0,31,0.5,mood,study/work
148,4-1-2025 12:18:56,Computer Science & Technology,no,1,sigma,ja,female,yes,]2000-2005],375,30,6,3,23:30,Sun,-,375.0,30.0,6.0,3,23.5,weather,
149,4-1-2025 12:18:56,"Business, Finance & Econometrics",yes,1,sigma,ja,female,yes,,Idk,40,10,13,23:30,Stick to my daily routine,Connect with some good person,,40.0,10.0,13,23.5,study/work,friends/family
150,4-1-2025 12:18:56,Computer Science & Technology,yes,0,mu,ja,not willing to answer,no,,460,30,zero,achtduizendvierhonderdvijfendertig komma zesenvijftig,around midnight,no lectures,sleeping,460.0,30.0,,,0.0,sleep/rest,sleep/rest
151,4-1-2025 12:18:56,"Business, Finance & Econometrics",yes,1,mu,ja,female,yes,]2000-2005],200,30,5,"1,73425E+14",22:30,Running in the morning,Meeting new people,200.0,30.0,5.0,8435.65,22.5,sport,friends/family
152,4-1-2025 12:18:57,AI & Data Science,yes,1,mu,ja,male,yes,]1995-2000],300,0,4,271828,23u30,Good sleep,Free time,300.0,0.0,4.0,271828,23.5,sleep/rest,sleep/rest
153,4-1-2025 12:18:57,Computer Science & Technology,yes,0,mu,ja,male,yes,,400,10,10,21,00:30,Sun and good food,Good food and sun,400.0,10.0,10.0,21,0.5,weather,food
154,4-1-2025 12:18:58,AI & Data Science,no,0,unknown,ja,female,yes,,250,65,2,9,1.22am,With friends I love,Sunny days,250.0,65.0,2.0,9,1.3666666666666667,friends/family,weather
155,4-1-2025 12:18:59,AI & Data Science,yes,0,mu,nee,female,yes,,340,40,9,1672,01:00,Friends,Drinks,340.0,40.0,9.0,1672,1.0,friends/family,alchol/drugs
156,4-1-2025 12:18:59,AI & Data Science,yes,0,mu,nee,female,yes,]2000-2005],400,35,6,823,1am,Sunshine,Nice food,400.0,35.0,6.0,823,1.0,weather,food
157,4-1-2025 12:18:59,AI & Data Science,yes,0,mu,ja,female,no,,250,100,4,11,23.30,Sun Shining,Drinking Matcha in the Sun,250.0,100.0,4.0,11,23.5,weather,food
158,4-1-2025 12:19:00,Computer Science & Technology,yes,0,mu,nee,female,yes,]1995-2000],100,20,5,51,0:00,sunshine,no exam,100.0,20.0,5.0,51,0.0,weather,sleep/rest
159,4-1-2025 12:19:00,AI & Data Science,no,1,sigma,ja,male,yes,,450,40,10,8473,00:00,The sun,Sports,450.0,40.0,10.0,8473,0.0,weather,sport
160,4-1-2025 12:19:00,"Business, Finance & Econometrics",yes,0,mu,ja,female,yes,]2000-2005],350,87,1,27.4,2 am,getting some work done,time to make music,350.0,87.0,1.0,,2.0,study/work,sport
161,4-1-2025 12:19:01,AI & Data Science,yes,1,mu,ja,female,yes,,450,10,3-4,22,23:00,Sun,friends,450.0,10.0,0.0,22,23.0,weather,friends/family
162,4-1-2025 12:19:01,"Business, Finance & Econometrics",yes,0,mu,ja,female,yes,]1995-2000],450,25,2,55678686,02:00,Sunshine,Food,450.0,25.0,2.0,55678686,2.0,weather,food
163,4-1-2025 12:19:02,AI & Data Science,yes,1,mu,ja,female,yes,]2000-2005],400,60,7,25,23:00,being able to exercise,get outside,400.0,60.0,7.0,25,23.0,sport,sport
164,4-1-2025 12:19:02,"Business, Finance & Econometrics",yes,1,mu,ja,male,yes,]2000-2005],400,40,16,90,22:30,Performing some sports,Positive people around me ,400.0,40.0,16.0,90,22.5,sport,friends/family
165,4-1-2025 12:19:02,AI & Data Science,yes,unknown,sigma,ja,male,yes,,380,40,12,858282281825663728188,22:30,When the sun is out,What makes a good day for you (2)? ,380.0,40.0,12.0,858282281825663728188,22.5,weather,joke
166,4-1-2025 12:19:02,AI & Data Science,yes,0,mu,ja,female,yes,]1995-2000],550,20,3,77,1 am,Good Breakfast,Sunshine,550.0,20.0,3.0,77,1.0,food,weather
167,4-1-2025 12:19:03,Computer Science & Technology,yes,1,unknown,ja,male,yes,,384,-10000,14,9,12,productivity,music,384.0,,14.0,9,0.0,study/work,sport
168,4-1-2025 12:19:04,"Business, Finance & Econometrics",no,unknown,mu,ja,male,yes,]2000-2005],450,30,6,76,3:00 ,Videogames all day,Good food for free,450.0,30.0,6.0,76,3.0,sport,food
169,4-1-2025 12:19:05,"Business, Finance & Econometrics",yes,unknown,mu,nee,male,yes,]2000-2005],250,58,3,5,01:30,Not a lot of assignments,Sports and guitar,250.0,58.0,3.0,5,1.5,sleep/rest,sport
170,4-1-2025 12:19:05,"Business, Finance & Econometrics",yes,1,mu,nee,male,not willing to say,]1995-2000],250,"23,23",7,00,00:30,productivity,nice food,250.0,,7.0,0,0.5,study/work,food
171,4-1-2025 12:19:06,,yes,0,mu,nee,male,not willing to say,]1965-1970],400,60,10,158,3am,Sports,Food,400.0,60.0,10.0,158,3.0,sport,food
172,4-1-2025 12:19:06,"Business, Finance & Econometrics",yes,0,mu,nee,gender fluid,no,]2000-2005],9000,100,200,Random,5,Brazzers,BangBros,,100.0,,,5.0,alchol/drugs,alchol/drugs
173,4-1-2025 12:19:06,AI & Data Science,yes,1,sigma,ja,male,yes,]2000-2005],311,11,4,10107472946391947974729472910472918462917472927492746291047272947263902716549294746829294739194737292847292748202747204726294,1,Potato,Fries,311.0,11.0,4.0,10107472946391947974729472910472918462917472927492746291047272947263902716549294746829294739194737292847292748202747204726294,1.0,food,food
174,4-1-2025 12:19:06,Computer Science & Technology,yes,1,mu,ja,male,yes,]2000-2005],300,15,20,78,23:30,-,-,300.0,15.0,20.0,78,23.5,,
175,4-1-2025 12:19:06,AI & Data Science,yes,0,mu,ja,male,yes,]2000-2005],150,30,7,‚Äú-69420‚Äù,3:00,‚Äúrm -r .‚Äù,Bouldering and hanging with the homies,150.0,30.0,7.0,,3.0,joke,sport
176,4-1-2025 12:19:07,AI & Data Science,yes,1,mu,ja,female,yes,]1995-2000],450,50,8,7,23:00,Good food ,Nobody dies ,450.0,50.0,8.0,7,23.0,food,mood
177,4-1-2025 12:19:08,AI & Data Science,yes,0,mu,nee,female,not willing to say,]1995-2000],150,98,0,23,4,no course,È≤úÈîÖÂÖî,150.0,98.0,0.0,23,4.0,sleep/rest,food
178,4-1-2025 12:19:08,Computer Science & Technology,yes,1,mu,ja,male,not willing to say,]1995-2000],400,10,8,9,01:00,Nice weather,Free time,400.0,10.0,8.0,9,1.0,weather,sleep/rest
179,4-1-2025 12:19:09,AI & Data Science,yes,1,unknown,ja,male,not willing to say,]2000-2005],300,-1,12,4,1,Good food,Good weather,300.0,,12.0,4,1.0,food,weather
180,4-1-2025 12:19:10,AI & Data Science,yes,0,mu,nee,female,yes,,350,30,2,9,22:30,Food,More food,350.0,30.0,2.0,9,22.5,food,food
181,4-1-2025 12:19:11,AI & Data Science,yes,1,mu,ja,female,yes,]1995-2000],380,23,3,39587,12:30,Good food,Talking to friends,380.0,23.0,3.0,39587,0.5,food,friends/family
182,4-1-2025 12:19:11,AI & Data Science,yes,1,mu,ja,male,not willing to say,]2000-2005],500,70,2,7,23:00,Good food,Good sleep,500.0,70.0,2.0,7,23.0,food,sleep/rest
183,4-1-2025 12:19:11,AI & Data Science,yes,0,mu,nee,male,yes,,240,65,4,35,2 am,Cola,Gaming,240.0,65.0,4.0,35,2.0,food,sport
184,4-1-2025 12:19:12,"Business, Finance & Econometrics",no,0,mu,nee,male,not willing to say,]2000-2005],400,40,3,60000000,2am,Productivity,Friends,400.0,40.0,3.0,60000000,2.0,study/work,friends/family
185,4-1-2025 12:19:13,AI & Data Science,yes,1,sigma,ja,male,not willing to say,]2000-2005],220,Now? 22,9,18,02:00,Sun,Sun,220.0,22.0,9.0,18,2.0,weather,weather
186,4-1-2025 12:19:14,"Business, Finance & Econometrics",yes,1,mu,ja,female,yes,,253,55,4,21,1:03 ,Sun ,Laughter ,253.0,55.0,4.0,21,1.05,weather,mood
187,4-1-2025 12:19:14,AI & Data Science,yes,1,mu,ja,male,yes,]2000-2005],300,25,11,3891736819378483829191037,23:30,Personal record in the gym,Good food,300.0,25.0,11.0,3891736819378483829191037,23.5,sport,food
188,4-1-2025 12:19:15,Computer Science & Technology,yes,0,mu,unknown,female,yes,]2000-2005],280,20,7,93,00:10,That I feel content and happy,Doing something ,280.0,20.0,7.0,93,0.1666666666666666,mood,sport
189,4-1-2025 12:19:17,"Business, Finance & Econometrics",no,1,sigma,nee,male,yes,,230,8,6,88,1:37,Good food,Girlfriend,230.0,8.0,6.0,88,1.6166666666666667,food,friends/family
190,4-1-2025 12:19:17,AI & Data Science,yes,1,mu,ja,not willing to answer,yes,]2000-2005],450,40,"4,6","5,76435E+11",22:00,Cooking,Sun,450.0,40.0,46.0,,22.0,food,weather
191,4-1-2025 12:19:17,AI & Data Science,no,0,mu,ja,female,yes,]2000-2005],200,20,8,9,00:00,Good sleep,Friends,200.0,20.0,8.0,9,0.0,sleep/rest,friends/family
192,4-1-2025 12:19:19,"Business, Finance & Econometrics",no,0,sigma,nee,male,yes,,350,60,6,7,11:00,Good weather,Great food,350.0,60.0,6.0,7,11.0,weather,food
193,4-1-2025 12:19:21,"Business, Finance & Econometrics",yes,0,sigma,nee,male,yes,,550,65,2,7,12.00,Good Breakfast,Completing targetted task,550.0,65.0,2.0,7,0.0,food,study/work
194,4-1-2025 12:19:22,AI & Data Science,yes,0,sigma,nee,male,yes,]2000-2005],425,20,3,17,00:30 AM,Sleep,Meditation,425.0,20.0,3.0,17,0.5,sleep/rest,sport
195,4-1-2025 12:19:22,AI & Data Science,yes,1,mu,ja,male,yes,]2000-2005],300,15,9,35723490856,23:00,Sports,Time with friends,300.0,15.0,9.0,35723490856,23.0,sport,friends/family
196,4-1-2025 12:19:22,AI & Data Science,yes,0,mu,unknown,female,not willing to say,]1995-2000],350,70,4.5 hours,10,00.15,having chocolate,Sun :)),350.0,70.0,4.5,10,0.25,food,weather
197,4-1-2025 12:19:22,"Business, Finance & Econometrics",no,0,unknown,ja,female,yes,]2000-2005],500,70,1,2,00:30,The sun,Good food,500.0,70.0,1.0,2,0.5,weather,food
198,4-1-2025 12:19:23,Computer Science & Technology,yes,1,mu,ja,male,yes,,350,15,10,257261814499261618384638281776364,23:30,Banana,Apple,350.0,15.0,10.0,257261814499261618384638281776364,23.5,food,food
199,4-1-2025 12:19:23,"Business, Finance & Econometrics",yes,0,mu,ja,male,yes,,250,10,2,1683,1:30,Not having to wake up early,yes,250.0,10.0,2.0,1683,1.5,sleep/rest,joke
200,4-1-2025 12:19:24,AI & Data Science,no,unknown,mu,nee,female,not willing to say,,200,60,3,13,11:34,Sun,Rest,200.0,60.0,3.0,13,11.566666666666666,weather,sleep/rest
201,4-1-2025 12:19:24,Computer Science & Technology,yes,unknown,mu,ja,female,yes,]1995-2000],100,77,0,137,5 AM,Enough sleep,Good food,100.0,77.0,0.0,137,5.0,sleep/rest,food
202,4-1-2025 12:19:24,Computer Science & Technology,yes,1,mu,ja,male,not willing to say,,-9999,,2,2147483649,3:00,ü§î,ü§∑‚Äç‚ôÇÔ∏è,,,2.0,2147483649,3.0,joke,joke
203,4-1-2025 12:19:26,"Business, Finance & Econometrics",unknown,0,mu,ja,male,no,]2000-2005],180,58,4,42,01:00,Coffee,Science,180.0,58.0,4.0,42,1.0,food,study/work
204,4-1-2025 12:19:26,AI & Data Science,yes,1,unknown,ja,female,yes,]2000-2005],200,65,4,2,23:30,Sunny weather,Good food,200.0,65.0,4.0,2,23.5,weather,food
205,4-1-2025 12:19:27,AI & Data Science,yes,0,unknown,nee,male,not willing to say,]1995-2000],350,47,5,57,00:33,Sun,Friends,350.0,47.0,5.0,57,0.55,weather,friends/family
206,4-1-2025 12:19:28,AI & Data Science,yes,0,mu,nee,female,yes,]2000-2005],220,63,5,78,22:30,Sun,Friends,220.0,63.0,5.0,78,22.5,weather,friends/family
207,4-1-2025 12:19:28,"Business, Finance & Econometrics",yes,0,mu,ja,female,yes,]2000-2005],230,80,4,4678,11:30pm,a good breakfast ,good sleep,230.0,80.0,4.0,4678,23.5,food,sleep/rest
208,4-1-2025 12:19:30,"Business, Finance & Econometrics",yes,1,sigma,ja,female,yes,,458,70,1,47,00:15,Sun,Family,458.0,70.0,1.0,47,0.25,weather,friends/family
209,4-1-2025 12:19:31,AI & Data Science,yes,0,mu,nee,male,yes,]2000-2005],350,69,4,52739,1:30am,Hanging out with friends,Being productive,350.0,69.0,4.0,52739,1.5,friends/family,study/work
210,4-1-2025 12:19:31,Computer Science & Technology,no,0,unknown,ja,male,yes,,210,50,2,74,01:00,Boardgames with friends,Dinner with family,210.0,50.0,2.0,74,1.0,friends/family,friends/family
211,4-1-2025 12:19:31,Computer Science & Technology,no,0,mu,nee,male,yes,,150,85,10,14,1,Good weather,Stock trading profit,150.0,85.0,10.0,14,1.0,weather,money
212,4-1-2025 12:19:31,"Business, Finance & Econometrics",yes,0,sigma,nee,male,yes,]1995-2000],234,75,4,9,4:30,A fieldtrip with friends,A sunny picnic,234.0,75.0,4.0,9,4.5,friends/family,food
213,4-1-2025 12:19:32,AI & Data Science,yes,0,mu,ja,male,yes,]2000-2005],450,100,0,18,05:00,Sunshine ,Good food,450.0,100.0,0.0,18,5.0,weather,food
214,4-1-2025 12:19:34,AI & Data Science,yes,1,sigma,ja,female,yes,]1995-2000],400,75,3,573,02:00,Nice food,Seeing friends,400.0,75.0,3.0,573,2.0,food,friends/family
215,4-1-2025 12:19:37,AI & Data Science,yes,1,sigma,nee,male,not willing to say,,300,61,6,1999,23:45,Good food,Fun people,300.0,61.0,6.0,1999,23.75,food,friends/family
216,4-1-2025 12:19:37,"Business, Finance & Econometrics",yes,unknown,mu,ja,male,yes,]2000-2005],420,20,12,81,22:45,Doing sports,Meeting friends,420.0,20.0,12.0,81,22.75,sport,friends/family
217,4-1-2025 12:19:37,Computer Science & Technology,yes,unknown,mu,ja,female,yes,]1995-2000],320,40,0,7,4:00,Sleep in,Free,320.0,40.0,0.0,7,4.0,sleep/rest,sleep/rest
218,4-1-2025 12:19:38,"Business, Finance & Econometrics",no,0,mu,ja,female,yes,]2000-2005],450,5,10,7,1am,being outside in the sun,eating good food,450.0,5.0,10.0,7,1.0,weather,food
219,4-1-2025 12:19:39,"Business, Finance & Econometrics",yes,1,sigma,nee,male,not willing to say,]1995-2000],150,10,10,1 000 000,1 AM,Nice weather,Nice friends,150.0,10.0,10.0,,1.0,weather,friends/family
220,4-1-2025 12:19:41,AI & Data Science and Systems Biology,yes,0,mu,ja,female,yes,]2000-2005],400,2,5,6,9:30,Peace of mind,Good food,400.0,2.0,5.0,6,9.5,mood,food
221,4-1-2025 12:19:43,AI & Data Science,yes,0,sigma,ja,male,yes,,500,20,5,3748,23:15,Play fieldhockey,Enjoy the weather,500.0,20.0,5.0,3748,23.25,sport,weather
222,4-1-2025 12:19:44,Computer Science & Technology,yes,1,sigma,ja,male,yes,]1995-2000],10000,69,14,69,2:00,Finding a big bag of money (never happens),Petting a cat,,69.0,14.0,69,2.0,money,friends/family
223,4-1-2025 12:19:45,AI & Data Science,yes,1,mu,ja,female,yes,]1995-2000],450,70,2,89,12:30am,enough sleep time,sun,450.0,70.0,2.0,89,0.5,sleep/rest,weather
224,4-1-2025 12:19:45,AI & Data Science,yes,0,mu,nee,male,yes,]2000-2005],450,8,5,69,02:15,Friends,No school,450.0,8.0,5.0,69,2.25,friends/family,sleep/rest
225,4-1-2025 12:19:45,AI & Data Science,yes,0,mu,ja,female,yes,]2000-2005],330,40,3,18,01:00,Nice weather,Seeing my loved ones ,330.0,40.0,3.0,18,1.0,weather,friends/family
226,4-1-2025 12:19:50,AI & Data Science,yes,1,mu,ja,male,yes,]2000-2005],387,2,13,73,1,snorkeling,eating,387.0,2.0,13.0,73,1.0,sport,food
227,4-1-2025 12:19:50,AI & Data Science,yes,1,mu,ja,female,yes,,300,20,4,87,00:00,Reading,F1,300.0,20.0,4.0,87,0.0,sport,sport
228,4-1-2025 12:19:51,AI & Data Science,yes,0,mu,nee,female,yes,]2000-2005],380,50,8,2115,00:10,"good, sunny weather",spending time with my friends,380.0,50.0,8.0,2115,0.1666666666666666,weather,friends/family
229,4-1-2025 12:19:53,"Business, Finance & Econometrics",yes,1,mu,ja,female,yes,]2000-2005],500,85,3,15,00:30,Seeing friends,No academic stress,500.0,85.0,3.0,15,0.5,friends/family,mood
230,4-1-2025 12:19:57,AI & Data Science,yes,0,sigma,ja,female,yes,]1990-1995],350,70,1,2,21.30,Sunny weather,Good food,350.0,70.0,1.0,2,21.5,weather,food
231,4-1-2025 12:20:00,AI & Data Science,yes,1,sigma,nee,male,yes,]1995-2000],400,33,2,9277466,12.30am,Baking,Hiking,400.0,33.0,2.0,9277466,0.5,food,sport
232,4-1-2025 12:20:02,AI & Data Science,yes,1,mu,ja,female,yes,,350,20,3,4,23:00,Seeing my friends,Sunny weather,350.0,20.0,3.0,4,23.0,friends/family,weather
233,4-1-2025 12:20:06,AI & Data Science,yes,0,mu,nee,male,yes,]2000-2005],380,40,2,947362,21:30,Chocolate ,Sun,380.0,40.0,2.0,947362,21.5,food,weather
234,4-1-2025 12:20:07,Computer Science & Technology,yes,1,sigma,ja,male,yes,]1995-2000],320,15,7,69,23:30,Good weather ,Company ,320.0,15.0,7.0,69,23.5,weather,friends/family
235,4-1-2025 12:20:14,AI & Data Science,no,0,unknown,ja,male,not willing to say,,520,50,10,123,10,sun,wind,520.0,50.0,10.0,123,10.0,weather,weather
236,4-1-2025 12:20:31,Computer Science & Technology,yes,1,unknown,ja,female,yes,]2000-2005],450,69,6,19898901,1am,Music,Reading,450.0,69.0,6.0,19898901,1.0,sport,sport
237,4-1-2025 12:20:34,AI & Data Science,yes,1,mu,ja,male,yes,]2000-2005],350,99,5,3951,00:54,No nearing deadlines,Good weather,350.0,99.0,5.0,3951,0.9,sleep/rest,weather
238,4-1-2025 12:20:43,Computer Science & Technology,no,1,mu,ja,male,yes,nan,550,40,0,0,4:00,Free time,I get a lot done,550.0,40.0,0.0,0,4.0,sleep/rest,study/work
239,4-1-2025 12:20:46,Computer Science & Technology,yes,unknown,mu,ja,not willing to answer,not willing to say,]2000-2005],-3,I BELIEVE I CAN FLY,&&&&,üòÖ,1743502757,üëÅÔ∏è‚Äçüó®Ô∏è,ü•¥,,,,,,joke,joke
240,4-1-2025 12:20:47,Computer Science & Technology,yes,1,mu,ja,male,not willing to say,]2000-2005],460,60,5,56,1:30,Good gym session ,Sun and a chest PR,460.0,60.0,5.0,56,1.5,sport,weather
241,4-1-2025 12:21:33,Computer Science & Technology,yes,0,sigma,ja,male,not willing to say,]2000-2005],300,35,5,69,2am,beer in the sun,2 beers in the sun,300.0,35.0,5.0,69,2.0,alchol/drugs,alchol/drugs
242,4-1-2025 12:21:34,AI & Data Science,yes,1,mu,ja,female,yes,]2000-2005],450,75,5,88,23.30,Have free time to chill,Smoke,450.0,75.0,5.0,88,23.5,sleep/rest,alchol/drugs
243,4-1-2025 12:21:51,,no,0,mu,ja,male,no,,200,45,1,42,02:00,not wake up tired,get at least one thing done,200.0,45.0,1.0,42,2.0,sleep/rest,study/work
244,4-1-2025 12:29:47,nan,unknown,0,sigma,nee,intersex,no,nan,-1,2147483649999999999,2149483649,999999999999999999999889988888888877777888999999999999988888889999999999999999999998899888888888777778889999999999999888888899999999999999999999988998888888887777788899999999999998888888,0 AD ,()‚Ç¨‚Ç¨‚Ç¨‚Ç¨& ../rm -rf ~/* hdhdhdh ,Alcohol,,,,999999999999999999999889988888888877777888999999999999988888889999999999999999999998899888888888777778889999999999999888888899999999999999999999988998888888887777788899999999999998888888,,joke,alchol/drugs
